first_name,last_name,email,password
Gussy,Gieraths,ggieraths0@php.net,txN3MrvS6Vv
Monty,Harvard,mharvard1@who.int,gH2vwLOtk
Dari,Dallimore,ddallimore2@examiner.com,99iziTtHM
Hyacintha,Medcalf,hmedcalf3@vkontakte.ru,VFGKBrYaciOm
Cecily,Frew,cfrew4@smugmug.com,rxXeyUzs
Geno,Danilovich,gdanilovich5@fda.gov,04k3K6O
Fara,Brownscombe,fbrownscombe6@360.cn,YhnkpPBXzT4
Susette,Dand,sdand7@163.com,5U0uX3AH3gbr
Adelaida,Dutson,adutson8@washington.edu,ovS4UEvoU
Elias,Bruckman,ebruckman9@networksolutions.com,Q1t8vWD7T
james,bond,email@mail.net,QWERty7
fname,lname,email@mail.mail,password
,,,
,,,
,,,
JSRON,RBRNORN,E@mail.cia,CIAISWATCHING
,,,
JACKIE,PALMER,F@FMAIL.XX,GOODPWORD
jessica,jones,v@vmail.com,alias
george,florge,e@mail.check,PASSWORKDNF
g,flo,e@mail.check,paskdnv
jsrong,brbrbn,E@mail.ciat,CKANCVS
